Y,X,R,G,B
0,0,255,255,255
0,1,255,255,255
0,2,255,255,255
0,3,255,255,255
0,4,255,255,255
0,5,255,255,255
0,6,255,255,255
0,7,255,255,255
0,8,255,255,255
0,9,255,255,255
0,10,255,255,255
0,11,255,255,255
0,12,255,255,255
0,13,255,255,255
0,14,255,255,255
0,15,255,255,255
0,16,255,255,255
0,17,255,255,255
0,18,255,255,255
0,19,255,255,255
0,20,255,255,255
0,21,255,255,255
0,22,255,255,255
0,23,255,255,255
0,24,255,255,255
0,25,255,255,255
0,26,255,255,255
0,27,255,255,255
0,28,255,255,255
0,29,255,255,255
0,30,255,255,255
0,31,255,255,255
0,32,255,255,255
0,33,255,255,255
0,34,255,255,255
0,35,255,255,255
0,36,255,255,255
0,37,255,255,255
0,38,255,255,255
0,39,255,255,255
0,40,255,255,255
0,41,255,255,255
0,42,255,255,255
0,43,255,255,255
0,44,255,255,255
0,45,255,255,255
0,46,255,255,255
0,47,255,255,255
0,48,255,255,255
0,49,255,255,255
1,0,255,255,255
1,1,255,255,255
1,2,255,255,255
1,3,255,255,255
1,4,255,255,255
1,5,255,255,255
1,6,255,255,255
1,7,255,255,255
1,8,253,254,254
1,9,253,254,255
1,10,255,255,255
1,11,255,255,255
1,12,255,255,255
1,13,255,255,255
1,14,255,255,255
1,15,255,255,255
1,16,255,255,255
1,17,255,255,255
1,18,255,255,255
1,19,255,255,255
1,20,255,255,255
1,21,255,255,255
1,22,255,255,255
1,23,255,255,255
1,24,255,255,255
1,25,255,255,255
1,26,255,255,255
1,27,255,255,255
1,28,255,255,255
1,29,255,255,255
1,30,255,255,255
1,31,255,255,255
1,32,255,255,255
1,33,255,255,255
1,34,255,255,255
1,35,254,255,255
1,36,252,255,255
1,37,249,252,253
1,38,245,249,250
1,39,242,246,246
1,40,238,243,243
1,41,237,242,242
1,42,253,253,253
1,43,255,255,255
1,44,255,255,255
1,45,255,255,255
1,46,255,255,255
1,47,255,255,255
1,48,255,255,255
1,49,255,255,255
2,0,255,255,255
2,1,255,255,255
2,2,255,255,255
2,3,255,255,255
2,4,255,255,255
2,5,255,255,255
2,6,255,255,255
2,7,255,255,255
2,8,225,227,223
2,9,214,216,209
2,10,219,222,217
2,11,213,216,213
2,12,221,224,221
2,13,229,234,231
2,14,227,232,230
2,15,228,233,232
2,16,229,235,235
2,17,236,241,241
2,18,246,250,250
2,19,241,245,246
2,20,241,246,246
2,21,243,247,248
2,22,246,250,250
2,23,247,250,251
2,24,249,251,252
2,25,248,251,252
2,26,248,251,252
2,27,245,248,249
2,28,244,248,249
2,29,251,254,254
2,30,240,246,246
2,31,232,237,236
2,32,221,227,225
2,33,220,225,222
2,34,212,216,212
2,35,206,207,201
2,36,203,200,191
2,37,202,195,184
2,38,195,187,176
2,39,188,179,170
2,40,183,172,161
2,41,213,203,193
2,42,254,254,254
2,43,255,255,255
2,44,255,255,255
2,45,255,255,255
2,46,255,255,255
2,47,255,255,255
2,48,255,255,255
2,49,255,255,255
3,0,255,255,255
3,1,255,255,255
3,2,255,255,255
3,3,255,255,255
3,4,255,255,255
3,5,255,255,255
3,6,255,255,255
3,7,255,255,255
3,8,241,235,229
3,9,206,183,161
3,10,209,182,162
3,11,195,176,158
3,12,202,183,164
3,13,203,184,165
3,14,205,184,165
3,15,206,190,172
3,16,217,204,186
3,17,206,195,181
3,18,193,192,183
3,19,197,195,185
3,20,192,183,171
3,21,194,183,171
3,22,209,202,190
3,23,211,205,193
3,24,201,195,184
3,25,203,199,187
3,26,197,190,177
3,27,196,187,178
3,28,197,184,174
3,29,196,188,180
3,30,193,177,163
3,31,201,179,162
3,32,184,160,146
3,33,199,176,158
3,34,198,171,151
3,35,197,167,146
3,36,186,157,135
3,37,185,156,135
3,38,163,140,123
3,39,192,163,142
3,40,190,157,137
3,41,233,223,215
3,42,255,255,255
3,43,255,255,255
3,44,255,255,255
3,45,255,255,255
3,46,255,255,255
3,47,255,255,255
3,48,255,255,255
3,49,255,255,255
4,0,255,255,255
4,1,255,255,255
4,2,255,255,255
4,3,255,255,255
4,4,255,255,255
4,5,255,255,255
4,6,255,255,255
4,7,255,255,255
4,8,252,252,251
4,9,211,208,175
4,10,191,181,139
4,11,197,173,152
4,12,208,186,165
4,13,209,187,166
4,14,204,184,167
4,15,209,192,174
4,16,216,201,182
4,17,209,192,174
4,18,192,162,138
4,19,178,146,122
4,20,191,168,151
4,21,208,189,173
4,22,221,202,184
4,23,212,192,174
4,24,200,182,165
4,25,210,191,171
4,26,209,191,176
4,27,207,206,163
4,28,188,191,117
4,29,175,176,93
4,30,185,190,110
4,31,179,193,110
4,32,185,201,111
4,33,179,199,102
4,34,172,197,89
4,35,162,192,79
4,36,139,174,60
4,37,145,178,67
4,38,147,175,74
4,39,169,191,99
4,40,194,206,140
4,41,251,250,249
4,42,255,255,255
4,43,255,255,255
4,44,255,255,255
4,45,255,255,255
4,46,255,255,255
4,47,255,255,255
4,48,255,255,255
4,49,255,255,255
5,0,255,255,255
5,1,255,255,255
5,2,255,255,255
5,3,255,255,255
5,4,255,255,255
5,5,255,255,255
5,6,255,255,255
5,7,255,255,255
5,8,255,255,255
5,9,205,230,148
5,10,194,212,129
5,11,195,173,157
5,12,186,158,134
5,13,202,171,143
5,14,188,159,135
5,15,192,160,137
5,16,197,168,143
5,17,183,160,140
5,18,208,184,161
5,19,206,183,162
5,20,191,174,157
5,21,192,172,154
5,22,199,175,155
5,23,200,177,158
5,24,192,172,154
5,25,198,176,159
5,26,204,195,178
5,27,175,214,94
5,28,162,211,62
5,29,159,209,60
5,30,155,206,53
5,31,149,203,46
5,32,146,200,38
5,33,139,195,32
5,34,132,191,25
5,35,128,189,31
5,36,145,201,57
5,37,165,211,87
5,38,179,220,110
5,39,171,217,104
5,40,199,230,154
5,41,255,255,255
5,42,255,255,255
5,43,255,255,255
5,44,255,255,255
5,45,255,255,255
5,46,255,255,255
5,47,255,255,255
5,48,255,255,255
5,49,255,255,255
6,0,255,255,255
6,1,255,255,255
6,2,255,255,255
6,3,255,255,255
6,4,255,255,255
6,5,255,255,255
6,6,255,255,255
6,7,255,255,255
6,8,255,255,255
6,9,200,227,138
6,10,190,210,123
6,11,213,190,171
6,12,179,151,130
6,13,190,162,137
6,14,202,172,146
6,15,188,155,130
6,16,191,155,126
6,17,179,144,119
6,18,171,138,114
6,19,185,149,122
6,20,176,142,115
6,21,181,145,115
6,22,178,140,114
6,23,179,138,111
6,24,164,124,99
6,25,186,145,122
6,26,183,186,138
6,27,137,192,24
6,28,130,187,22
6,29,124,184,19
6,30,125,184,20
6,31,127,186,22
6,32,129,187,25
6,33,131,190,29
6,34,133,181,61
6,35,126,152,100
6,36,128,150,121
6,37,147,171,137
6,38,170,200,135
6,39,161,209,84
6,40,221,238,194
6,41,255,255,255
6,42,255,255,255
6,43,255,255,255
6,44,255,255,255
6,45,255,255,255
6,46,255,255,255
6,47,255,255,255
6,48,255,255,255
6,49,255,255,255
7,0,255,255,255
7,1,255,255,255
7,2,255,255,255
7,3,255,255,255
7,4,255,255,255
7,5,255,255,255
7,6,255,255,255
7,7,255,255,255
7,8,255,255,255
7,9,207,230,151
7,10,183,205,111
7,11,208,188,172
7,12,193,167,144
7,13,189,159,134
7,14,181,153,131
7,15,196,164,140
7,16,190,159,134
7,17,197,163,136
7,18,178,144,119
7,19,176,140,112
7,20,177,136,106
7,21,185,145,112
7,22,169,130,104
7,23,178,135,107
7,24,151,112,91
7,25,157,122,106
7,26,163,184,105
7,27,122,183,6
7,28,120,181,13
7,29,119,181,16
7,30,118,180,19
7,31,122,184,20
7,32,130,190,25
7,33,146,199,49
7,34,102,114,110
7,35,125,134,141
7,36,148,165,146
7,37,143,156,155
7,38,110,120,139
7,39,141,163,127
7,40,242,250,229
7,41,255,255,255
7,42,255,255,255
7,43,255,255,255
7,44,255,255,255
7,45,255,255,255
7,46,255,255,255
7,47,255,255,255
7,48,255,255,255
7,49,255,255,255
8,0,255,255,255
8,1,255,255,255
8,2,255,255,255
8,3,255,255,255
8,4,255,255,255
8,5,255,255,255
8,6,255,255,255
8,7,255,255,255
8,8,255,255,255
8,9,213,232,168
8,10,189,210,115
8,11,216,197,179
8,12,202,175,151
8,13,181,151,126
8,14,171,143,123
8,15,200,169,142
8,16,180,149,125
8,17,189,152,126
8,18,156,124,104
8,19,181,142,115
8,20,176,134,107
8,21,170,128,100
8,22,181,140,112
8,23,172,129,101
8,24,174,132,105
8,25,186,154,132
8,26,151,187,79
8,27,118,182,7
8,28,120,182,15
8,29,125,185,19
8,30,126,186,20
8,31,129,189,25
8,32,140,195,31
8,33,156,205,67
8,34,116,128,128
8,35,109,121,130
8,36,163,186,143
8,37,185,214,146
8,38,165,190,140
8,39,128,138,149
8,40,247,248,245
8,41,255,255,255
8,42,255,255,255
8,43,255,255,255
8,44,255,255,255
8,45,255,255,255
8,46,255,255,255
8,47,255,255,255
8,48,255,255,255
8,49,255,255,255
9,0,255,255,255
9,1,255,255,255
9,2,255,255,255
9,3,255,255,255
9,4,255,255,255
9,5,255,255,255
9,6,255,255,255
9,7,255,255,255
9,8,255,255,255
9,9,218,234,177
9,10,192,211,120
9,11,209,191,174
9,12,195,172,151
9,13,197,166,140
9,14,192,162,136
9,15,183,153,128
9,16,177,145,120
9,17,174,137,111
9,18,184,146,118
9,19,155,114,92
9,20,165,120,94
9,21,151,109,84
9,22,156,111,85
9,23,160,117,93
9,24,160,119,94
9,25,178,149,128
9,26,141,187,60
9,27,118,181,10
9,28,124,184,17
9,29,131,187,26
9,30,140,194,41
9,31,141,198,38
9,32,149,202,46
9,33,160,211,68
9,34,174,206,125
9,35,119,129,140
9,36,93,104,131
9,37,105,119,139
9,38,90,103,114
9,39,131,145,145
9,40,245,250,238
9,41,255,255,255
9,42,255,255,255
9,43,255,255,255
9,44,255,255,255
9,45,255,255,255
9,46,255,255,255
9,47,255,255,255
9,48,255,255,255
9,49,255,255,255
10,0,255,255,255
10,1,255,255,255
10,2,255,255,255
10,3,255,255,255
10,4,255,255,255
10,5,255,255,255
10,6,255,255,255
10,7,255,255,255
10,8,255,255,255
10,9,224,238,187
10,10,180,207,103
10,11,207,192,175
10,12,206,182,162
10,13,196,167,143
10,14,180,153,129
10,15,192,161,135
10,16,201,168,137
10,17,182,148,122
10,18,175,134,105
10,19,162,119,93
10,20,168,124,95
10,21,163,126,100
10,22,158,116,90
10,23,161,116,91
10,24,173,127,102
10,25,163,140,123
10,26,136,185,47
10,27,124,184,14
10,28,131,188,18
10,29,141,183,54
10,30,79,86,83
10,31,84,98,77
10,32,115,138,92
10,33,147,175,112
10,34,171,203,125
10,35,188,214,145
10,36,177,195,165
10,37,145,161,153
10,38,89,100,112
10,39,159,180,144
10,40,249,254,240
10,41,255,255,255
10,42,255,255,255
10,43,255,255,255
10,44,255,255,255
10,45,255,255,255
10,46,255,255,255
10,47,255,255,255
10,48,255,255,255
10,49,255,255,255
11,0,255,255,255
11,1,255,255,255
11,2,255,255,255
11,3,255,255,255
11,4,255,255,255
11,5,255,255,255
11,6,255,255,255
11,7,255,255,255
11,8,255,255,255
11,9,226,239,193
11,10,181,210,98
11,11,210,196,178
11,12,209,187,165
11,13,189,161,138
11,14,175,147,126
11,15,197,165,138
11,16,183,151,126
11,17,200,163,133
11,18,185,145,112
11,19,201,157,122
11,20,164,124,98
11,21,173,137,108
11,22,156,114,87
11,23,165,119,91
11,24,159,116,90
11,25,165,147,123
11,26,133,186,39
11,27,125,184,15
11,28,131,189,19
11,29,144,186,56
11,30,73,73,90
11,31,39,37,70
11,32,44,45,79
11,33,65,71,102
11,34,89,100,122
11,35,101,114,128
11,36,125,142,142
11,37,134,153,131
11,38,124,141,126
11,39,162,178,160
11,40,254,255,250
11,41,255,255,255
11,42,255,255,255
11,43,255,255,255
11,44,255,255,255
11,45,255,255,255
11,46,255,255,255
11,47,255,255,255
11,48,255,255,255
11,49,255,255,255
12,0,255,255,255
12,1,255,255,255
12,2,255,255,255
12,3,255,255,255
12,4,255,255,255
12,5,255,255,255
12,6,255,255,255
12,7,255,255,255
12,8,255,255,255
12,9,229,239,204
12,10,183,211,102
12,11,215,200,179
12,12,205,184,164
12,13,211,184,157
12,14,187,158,135
12,15,202,168,140
12,16,162,129,110
12,17,168,132,105
12,18,174,133,102
12,19,163,121,94
12,20,149,109,86
12,21,151,110,88
12,22,149,107,85
12,23,147,108,82
12,24,172,128,97
12,25,169,153,123
12,26,133,187,34
12,27,128,185,16
12,28,134,189,23
12,29,137,192,30
12,30,151,193,67
12,31,149,184,87
12,32,151,178,111
12,33,157,175,143
12,34,115,126,140
12,35,125,137,145
12,36,120,132,146
12,37,77,87,111
12,38,69,79,103
12,39,167,177,182
12,40,255,255,255
12,41,255,255,255
12,42,255,255,255
12,43,255,255,255
12,44,255,255,255
12,45,255,255,255
12,46,255,255,255
12,47,255,255,255
12,48,255,255,255
12,49,255,255,255
13,0,255,255,255
13,1,255,255,255
13,2,255,255,255
13,3,255,255,255
13,4,255,255,255
13,5,255,255,255
13,6,255,255,255
13,7,255,255,255
13,8,255,255,255
13,9,231,240,209
13,10,184,212,106
13,11,212,197,175
13,12,210,189,169
13,13,192,166,141
13,14,199,168,141
13,15,175,145,122
13,16,158,125,103
13,17,157,119,95
13,18,181,137,104
13,19,151,110,86
13,20,173,126,97
13,21,163,115,88
13,22,158,113,88
13,23,152,110,85
13,24,186,141,109
13,25,180,165,132
13,26,133,187,30
13,27,126,185,16
13,28,131,188,22
13,29,132,190,25
13,30,132,192,27
13,31,138,196,39
13,32,157,209,53
13,33,179,220,96
13,34,118,129,139
13,35,152,169,153
13,36,188,217,151
13,37,170,197,135
13,38,124,141,134
13,39,191,201,192
13,40,255,255,255
13,41,255,255,255
13,42,255,255,255
13,43,255,255,255
13,44,255,255,255
13,45,255,255,255
13,46,255,255,255
13,47,255,255,255
13,48,255,255,255
13,49,255,255,255
14,0,255,255,255
14,1,255,255,255
14,2,255,255,255
14,3,255,255,255
14,4,255,255,255
14,5,255,255,255
14,6,255,255,255
14,7,255,255,255
14,8,255,255,255
14,9,233,242,211
14,10,179,209,97
14,11,208,197,172
14,12,208,187,168
14,13,203,174,148
14,14,186,156,131
14,15,192,158,132
14,16,158,124,101
14,17,167,128,104
14,18,149,110,87
14,19,163,117,89
14,20,154,110,84
14,21,128,90,71
14,22,121,84,66
14,23,153,111,85
14,24,160,115,89
14,25,166,151,120
14,26,130,187,31
14,27,124,184,17
14,28,133,188,23
14,29,131,189,24
14,30,132,192,25
14,31,136,195,34
14,32,152,203,55
14,33,174,217,85
14,34,157,176,144
14,35,91,101,129
14,36,116,131,142
14,37,126,146,126
14,38,114,132,128
14,39,173,181,192
14,40,255,255,255
14,41,255,255,255
14,42,255,255,255
14,43,255,255,255
14,44,255,255,255
14,45,255,255,255
14,46,255,255,255
14,47,255,255,255
14,48,255,255,255
14,49,255,255,255
15,0,255,255,255
15,1,255,255,255
15,2,255,255,255
15,3,255,255,255
15,4,255,255,255
15,5,255,255,255
15,6,255,255,255
15,7,255,255,255
15,8,255,255,255
15,9,235,244,212
15,10,183,214,99
15,11,205,196,168
15,12,202,180,161
15,13,191,162,137
15,14,198,167,141
15,15,191,157,131
15,16,162,127,104
15,17,184,143,113
15,18,155,115,92
15,19,167,120,92
15,20,137,98,76
15,21,174,127,96
15,22,148,105,80
15,23,168,126,97
15,24,153,108,83
15,25,149,136,107
15,26,131,188,32
15,27,122,183,16
15,28,131,189,20
15,29,137,190,35
15,30,128,163,74
15,31,132,176,65
15,32,150,198,70
15,33,175,218,85
15,34,184,225,103
15,35,165,188,142
15,36,126,140,148
15,37,83,93,117
15,38,80,93,116
15,39,196,203,204
15,40,255,255,255
15,41,255,255,255
15,42,255,255,255
15,43,255,255,255
15,44,255,255,255
15,45,255,255,255
15,46,255,255,255
15,47,255,255,255
15,48,255,255,255
15,49,255,255,255
16,0,255,255,255
16,1,255,255,255
16,2,255,255,255
16,3,255,255,255
16,4,255,255,255
16,5,255,255,255
16,6,255,255,255
16,7,255,255,255
16,8,255,255,255
16,9,237,245,216
16,10,185,215,98
16,11,207,197,168
16,12,210,189,170
16,13,195,165,138
16,14,197,164,136
16,15,182,147,123
16,16,174,135,109
16,17,177,132,103
16,18,172,125,97
16,19,179,130,100
16,20,146,101,79
16,21,145,102,78
16,22,132,91,70
16,23,114,78,62
16,24,162,112,83
16,25,165,144,114
16,26,127,185,32
16,27,122,184,14
16,28,128,188,18
16,29,145,195,43
16,30,63,65,82
16,31,35,36,66
16,32,71,78,92
16,33,110,123,118
16,34,136,156,130
16,35,157,182,132
16,36,175,200,148
16,37,171,193,145
16,38,137,154,140
16,39,200,207,203
16,40,255,255,255
16,41,255,255,255
16,42,255,255,255
16,43,255,255,255
16,44,255,255,255
16,45,255,255,255
16,46,255,255,255
16,47,255,255,255
16,48,255,255,255
16,49,255,255,255
17,0,255,255,255
17,1,255,255,255
17,2,255,255,255
17,3,255,255,255
17,4,255,255,255
17,5,255,255,255
17,6,255,255,255
17,7,255,255,255
17,8,255,255,255
17,9,234,238,222
17,10,183,210,103
17,11,214,204,171
17,12,192,172,157
17,13,194,165,139
17,14,189,154,127
17,15,177,141,116
17,16,178,139,115
17,17,164,123,98
17,18,188,143,111
17,19,169,123,95
17,20,171,126,97
17,21,151,109,84
17,22,150,104,78
17,23,140,95,72
17,24,170,123,92
17,25,191,165,132
17,26,131,184,37
17,27,120,183,14
17,28,125,186,18
17,29,136,191,33
17,30,124,142,98
17,31,92,101,97
17,32,86,92,106
17,33,87,94,119
17,34,87,96,123
17,35,85,96,124
17,36,95,108,131
17,37,98,112,122
17,38,91,105,114
17,39,179,185,196
17,40,255,255,255
17,41,255,255,255
17,42,255,255,255
17,43,255,255,255
17,44,255,255,255
17,45,255,255,255
17,46,255,255,255
17,47,255,255,255
17,48,255,255,255
17,49,255,255,255
18,0,255,255,255
18,1,255,255,255
18,2,255,255,255
18,3,255,255,255
18,4,255,255,255
18,5,255,255,255
18,6,255,255,255
18,7,255,255,255
18,8,255,255,255
18,9,236,241,220
18,10,183,213,100
18,11,209,200,166
18,12,205,181,160
18,13,187,156,131
18,14,174,139,114
18,15,182,146,119
18,16,175,134,110
18,17,160,116,91
18,18,169,121,92
18,19,156,112,87
18,20,182,137,105
18,21,192,148,115
18,22,141,100,77
18,23,147,103,79
18,24,142,100,76
18,25,167,140,113
18,26,137,187,45
18,27,123,184,14
18,28,131,188,20
18,29,131,190,21
18,30,134,195,26
18,31,142,199,44
18,32,155,203,76
18,33,170,204,112
18,34,177,199,149
18,35,168,187,154
18,36,155,171,155
18,37,124,137,140
18,38,84,95,113
18,39,196,204,198
18,40,255,255,255
18,41,255,255,255
18,42,255,255,255
18,43,255,255,255
18,44,255,255,255
18,45,255,255,255
18,46,255,255,255
18,47,255,255,255
18,48,255,255,255
18,49,255,255,255
19,0,255,255,255
19,1,255,255,255
19,2,255,255,255
19,3,255,255,255
19,4,255,255,255
19,5,255,255,255
19,6,255,255,255
19,7,255,255,255
19,8,255,255,255
19,9,230,233,221
19,10,179,205,105
19,11,212,202,168
19,12,197,171,154
19,13,178,146,122
19,14,181,144,117
19,15,185,147,117
19,16,150,112,90
19,17,161,116,89
19,18,179,130,99
19,19,155,111,86
19,20,172,125,95
19,21,160,115,88
19,22,137,97,74
19,23,161,115,86
19,24,152,107,80
19,25,169,136,111
19,26,141,187,53
19,27,127,187,12
19,28,131,189,20
19,29,131,189,23
19,30,133,191,25
19,31,134,194,28
19,32,148,202,44
19,33,168,215,74
19,34,142,158,137
19,35,123,140,132
19,36,152,172,144
19,37,165,188,143
19,38,132,147,131
19,39,185,199,178
19,40,255,255,255
19,41,255,255,255
19,42,255,255,255
19,43,255,255,255
19,44,255,255,255
19,45,255,255,255
19,46,255,255,255
19,47,255,255,255
19,48,255,255,255
19,49,255,255,255
20,0,255,255,255
20,1,255,255,255
20,2,255,255,255
20,3,255,255,255
20,4,255,255,255
20,5,255,255,255
20,6,255,255,255
20,7,255,255,255
20,8,255,255,255
20,9,233,240,213
20,10,182,212,98
20,11,202,192,159
20,12,201,174,154
20,13,186,152,126
20,14,189,153,124
20,15,168,131,106
20,16,149,113,90
20,17,176,131,101
20,18,143,100,78
20,19,142,99,77
20,20,180,136,102
20,21,177,131,100
20,22,161,114,85
20,23,175,125,90
20,24,174,125,90
20,25,146,113,97
20,26,147,186,62
20,27,126,186,12
20,28,129,188,20
20,29,131,190,22
20,30,135,192,25
20,31,135,193,29
20,32,150,202,45
20,33,169,214,76
20,34,128,142,136
20,35,91,101,126
20,36,94,104,131
20,37,81,92,117
20,38,68,78,99
20,39,177,189,175
20,40,255,255,255
20,41,255,255,255
20,42,255,255,255
20,43,255,255,255
20,44,255,255,255
20,45,255,255,255
20,46,255,255,255
20,47,255,255,255
20,48,255,255,255
20,49,255,255,255
21,0,255,255,255
21,1,255,255,255
21,2,255,255,255
21,3,255,255,255
21,4,255,255,255
21,5,255,255,255
21,6,255,255,255
21,7,255,255,255
21,8,255,255,255
21,9,230,240,205
21,10,178,213,89
21,11,207,196,165
21,12,190,166,148
21,13,193,158,129
21,14,195,158,127
21,15,176,138,111
21,16,199,156,123
21,17,160,120,93
21,18,169,125,95
21,19,164,112,83
21,20,160,117,88
21,21,175,133,103
21,22,146,103,79
21,23,143,100,76
21,24,168,121,90
21,25,174,133,109
21,26,152,183,72
21,27,121,183,11
21,28,125,185,19
21,29,131,190,22
21,30,132,191,24
21,31,130,192,28
21,32,141,198,44
21,33,161,209,77
21,34,119,133,134
21,35,161,177,157
21,36,178,203,148
21,37,150,170,138
21,38,97,109,115
21,39,187,206,164
21,40,255,255,255
21,41,255,255,255
21,42,255,255,255
21,43,255,255,255
21,44,255,255,255
21,45,255,255,255
21,46,255,255,255
21,47,255,255,255
21,48,255,255,255
21,49,255,255,255
22,0,255,255,255
22,1,255,255,255
22,2,255,255,255
22,3,255,255,255
22,4,255,255,255
22,5,255,255,255
22,6,255,255,255
22,7,255,255,255
22,8,255,255,255
22,9,228,239,199
22,10,176,210,85
22,11,208,197,167
22,12,202,175,154
22,13,184,149,122
22,14,175,137,109
22,15,175,136,106
22,16,169,128,101
22,17,156,114,90
22,18,169,124,95
22,19,154,110,84
22,20,171,128,98
22,21,141,101,78
22,22,168,121,93
22,23,150,107,83
22,24,151,108,82
22,25,146,105,88
22,26,156,179,84
22,27,125,185,12
22,28,129,187,20
22,29,126,187,21
22,30,133,191,24
22,31,135,194,29
22,32,143,199,43
22,33,168,214,70
22,34,138,155,135
22,35,91,102,124
22,36,135,154,136
22,37,147,175,124
22,38,96,114,107
22,39,171,183,167
22,40,255,255,255
22,41,255,255,255
22,42,255,255,255
22,43,255,255,255
22,44,255,255,255
22,45,255,255,255
22,46,255,255,255
22,47,255,255,255
22,48,255,255,255
22,49,255,255,255
23,0,255,255,255
23,1,255,255,255
23,2,255,255,255
23,3,255,255,255
23,4,255,255,255
23,5,255,255,255
23,6,255,255,255
23,7,255,255,255
23,8,255,255,255
23,9,225,237,194
23,10,178,210,86
23,11,210,197,172
23,12,212,186,164
23,13,175,142,119
23,14,165,128,103
23,15,179,140,110
23,16,161,120,93
23,17,178,132,104
23,18,158,114,90
23,19,169,128,98
23,20,166,124,95
23,21,151,109,82
23,22,166,122,92
23,23,121,86,67
23,24,147,102,75
23,25,157,108,85
23,26,163,173,94
23,27,128,186,14
23,28,124,184,19
23,29,123,185,20
23,30,134,191,25
23,31,133,193,27
23,32,146,200,43
23,33,159,209,59
23,34,178,215,104
23,35,147,160,150
23,36,97,108,133
23,37,72,82,109
23,38,66,76,96
23,39,156,175,133
23,40,254,254,251
23,41,255,255,255
23,42,255,255,255
23,43,255,255,255
23,44,255,255,255
23,45,255,255,255
23,46,255,255,255
23,47,255,255,255
23,48,255,255,255
23,49,255,255,255
24,0,255,255,255
24,1,255,255,255
24,2,255,255,255
24,3,255,255,255
24,4,255,255,255
24,5,255,255,255
24,6,255,255,255
24,7,255,255,255
24,8,255,255,255
24,9,224,237,189
24,10,176,209,85
24,11,210,197,174
24,12,192,168,148
24,13,171,138,115
24,14,189,153,125
24,15,167,127,101
24,16,190,145,109
24,17,157,113,87
24,18,149,107,84
24,19,183,138,105
24,20,179,135,103
24,21,162,115,86
24,22,157,114,87
24,23,117,83,66
24,24,114,78,61
24,25,136,93,72
24,26,149,153,94
24,27,134,190,17
24,28,132,188,18
24,29,125,186,20
24,30,130,190,23
24,31,134,194,26
24,32,144,200,39
24,33,160,210,62
24,34,153,181,113
24,35,135,147,146
24,36,177,193,161
24,37,152,172,131
24,38,118,130,127
24,39,173,204,125
24,40,250,251,246
24,41,255,255,255
24,42,255,255,255
24,43,255,255,255
24,44,255,255,255
24,45,255,255,255
24,46,255,255,255
24,47,255,255,255
24,48,255,255,255
24,49,255,255,255
25,0,255,255,255
25,1,255,255,255
25,2,255,255,255
25,3,255,255,255
25,4,255,255,255
25,5,255,255,255
25,6,255,255,255
25,7,255,255,255
25,8,255,255,255
25,9,220,235,181
25,10,172,206,80
25,11,202,191,169
25,12,196,168,145
25,13,188,148,120
25,14,177,138,114
25,15,167,126,102
25,16,156,116,92
25,17,173,128,100
25,18,176,133,102
25,19,156,116,91
25,20,155,114,87
25,21,157,117,90
25,22,140,99,76
25,23,170,124,95
25,24,148,106,82
25,25,160,116,88
25,26,156,148,101
25,27,135,189,23
25,28,129,187,17
25,29,131,190,21
25,30,133,192,23
25,31,132,193,25
25,32,142,199,37
25,33,169,213,71
25,34,119,132,131
25,35,148,157,161
25,36,180,211,131
25,37,157,210,72
25,38,133,162,108
25,39,169,190,150
25,40,251,253,244
25,41,255,255,255
25,42,255,255,255
25,43,255,255,255
25,44,255,255,255
25,45,255,255,255
25,46,255,255,255
25,47,255,255,255
25,48,255,255,255
25,49,255,255,255
26,0,255,255,255
26,1,255,255,255
26,2,255,255,255
26,3,255,255,255
26,4,255,255,255
26,5,255,255,255
26,6,255,255,255
26,7,255,255,255
26,8,255,255,255
26,9,218,234,175
26,10,167,202,79
26,11,210,195,174
26,12,205,177,151
26,13,177,138,111
26,14,178,135,110
26,15,180,135,107
26,16,166,122,96
26,17,172,130,101
26,18,172,130,99
26,19,167,125,94
26,20,164,120,90
26,21,145,107,81
26,22,142,100,76
26,23,165,120,90
26,24,143,102,77
26,25,165,115,85
26,26,146,125,94
26,27,139,189,34
26,28,129,188,15
26,29,129,188,20
26,30,126,189,20
26,31,133,192,25
26,32,140,196,37
26,33,163,210,62
26,34,145,163,130
26,35,93,103,125
26,36,125,143,129
26,37,127,154,110
26,38,104,124,105
26,39,157,171,155
26,40,252,255,245
26,41,255,255,255
26,42,255,255,255
26,43,255,255,255
26,44,255,255,255
26,45,255,255,255
26,46,255,255,255
26,47,255,255,255
26,48,255,255,255
26,49,255,255,255
27,0,255,255,255
27,1,255,255,255
27,2,255,255,255
27,3,255,255,255
27,4,255,255,255
27,5,255,255,255
27,6,255,255,255
27,7,255,255,255
27,8,255,255,255
27,9,217,233,173
27,10,173,201,82
27,11,213,196,178
27,12,215,187,160
27,13,194,158,128
27,14,165,124,100
27,15,158,115,91
27,16,178,133,103
27,17,167,124,97
27,18,161,116,90
27,19,164,121,90
27,20,183,137,104
27,21,162,114,84
27,22,167,120,89
27,23,165,117,84
27,24,136,96,72
27,25,161,117,86
27,26,161,129,101
27,27,139,184,50
27,28,125,185,14
27,29,129,188,18
27,30,134,190,31
27,31,138,194,29
27,32,140,197,32
27,33,160,210,59
27,34,172,214,96
27,35,151,168,142
27,36,99,109,130
27,37,71,80,106
27,38,63,73,98
27,39,170,186,158
27,40,251,253,244
27,41,255,255,255
27,42,255,255,255
27,43,255,255,255
27,44,255,255,255
27,45,255,255,255
27,46,255,255,255
27,47,255,255,255
27,48,255,255,255
27,49,255,255,255
28,0,255,255,255
28,1,255,255,255
28,2,255,255,255
28,3,255,255,255
28,4,255,255,255
28,5,255,255,255
28,6,255,255,255
28,7,255,255,255
28,8,255,255,255
28,9,215,233,171
28,10,175,201,83
28,11,211,192,177
28,12,202,174,148
28,13,166,131,107
28,14,158,118,95
28,15,177,129,103
28,16,182,137,106
28,17,172,128,96
28,18,174,128,99
28,19,167,123,94
28,20,155,110,81
28,21,172,123,91
28,22,149,104,79
28,23,145,102,74
28,24,178,130,96
28,25,164,120,90
28,26,177,135,109
28,27,150,181,68
28,28,128,189,13
28,29,128,190,15
28,30,137,175,70
28,31,142,173,79
28,32,132,173,58
28,33,117,134,103
28,34,151,174,125
28,35,163,191,122
28,36,170,196,142
28,37,164,184,140
28,38,118,131,123
28,39,163,187,138
28,40,249,252,240
28,41,255,255,255
28,42,255,255,255
28,43,255,255,255
28,44,255,255,255
28,45,255,255,255
28,46,255,255,255
28,47,255,255,255
28,48,255,255,255
28,49,255,255,255
29,0,255,255,255
29,1,255,255,255
29,2,255,255,255
29,3,255,255,255
29,4,255,255,255
29,5,255,255,255
29,6,255,255,255
29,7,255,255,255
29,8,255,255,255
29,9,214,232,170
29,10,167,192,83
29,11,210,190,174
29,12,199,171,146
29,13,152,116,95
29,14,140,104,85
29,15,166,124,99
29,16,166,122,94
29,17,186,138,103
29,18,164,121,93
29,19,167,124,96
29,20,161,117,88
29,21,157,109,82
29,22,136,89,64
29,23,117,82,62
29,24,186,141,106
29,25,173,125,94
29,26,172,120,94
29,27,158,171,86
29,28,126,188,14
29,29,130,191,16
29,30,124,159,64
29,31,61,62,79
29,32,134,140,126
29,33,81,83,107
29,34,99,104,131
29,35,75,84,113
29,36,91,103,119
29,37,91,106,106
29,38,75,88,95
29,39,142,160,137
29,40,249,254,239
29,41,255,255,255
29,42,255,255,255
29,43,255,255,255
29,44,255,255,255
29,45,255,255,255
29,46,255,255,255
29,47,255,255,255
29,48,255,255,255
29,49,255,255,255
30,0,255,255,255
30,1,255,255,255
30,2,255,255,255
30,3,255,255,255
30,4,255,255,255
30,5,255,255,255
30,6,255,255,255
30,7,255,255,255
30,8,255,255,255
30,9,215,233,169
30,10,168,188,88
30,11,198,179,168
30,12,203,174,149
30,13,184,141,113
30,14,158,118,95
30,15,188,146,113
30,16,166,124,97
30,17,173,135,107
30,18,192,153,123
30,19,166,128,100
30,20,171,127,97
30,21,130,89,69
30,22,160,116,89
30,23,169,125,94
30,24,151,108,83
30,25,146,103,80
30,26,180,130,101
30,27,161,155,97
30,28,126,188,19
30,29,126,187,17
30,30,139,181,63
30,31,50,50,73
30,32,70,70,90
30,33,167,194,123
30,34,160,189,119
30,35,148,165,140
30,36,131,144,142
30,37,98,109,116
30,38,81,90,106
30,39,160,172,161
30,40,248,252,240
30,41,255,255,255
30,42,255,255,255
30,43,255,255,255
30,44,255,255,255
30,45,255,255,255
30,46,255,255,255
30,47,255,255,255
30,48,255,255,255
30,49,255,255,255
31,0,255,255,255
31,1,255,255,255
31,2,255,255,255
31,3,255,255,255
31,4,255,255,255
31,5,255,255,255
31,6,255,255,255
31,7,255,255,255
31,8,255,255,255
31,9,213,231,168
31,10,174,189,95
31,11,202,182,169
31,12,198,168,143
31,13,167,129,105
31,14,183,142,112
31,15,184,140,108
31,16,169,126,98
31,17,163,124,99
31,18,167,128,102
31,19,150,112,88
31,20,189,143,108
31,21,142,100,79
31,22,159,114,87
31,23,178,133,103
31,24,152,110,85
31,25,143,99,76
31,26,162,119,94
31,27,168,144,109
31,28,139,191,38
31,29,131,187,21
31,30,135,193,25
31,31,142,168,85
31,32,38,37,68
31,33,88,97,88
31,34,164,209,78
31,35,167,216,77
31,36,175,219,99
31,37,161,194,116
31,38,106,116,118
31,39,131,145,138
31,40,246,251,236
31,41,255,255,255
31,42,255,255,255
31,43,255,255,255
31,44,255,255,255
31,45,255,255,255
31,46,255,255,255
31,47,255,255,255
31,48,255,255,255
31,49,255,255,255
32,0,255,255,255
32,1,255,255,255
32,2,255,255,255
32,3,255,255,255
32,4,255,255,255
32,5,255,255,255
32,6,255,255,255
32,7,255,255,255
32,8,255,255,255
32,9,210,230,160
32,10,169,180,89
32,11,199,179,166
32,12,188,163,140
32,13,152,117,95
32,14,158,117,93
32,15,166,125,97
32,16,202,161,126
32,17,176,133,104
32,18,184,136,103
32,19,160,114,86
32,20,159,117,88
32,21,166,120,92
32,22,183,135,104
32,23,144,101,80
32,24,168,124,96
32,25,164,122,93
32,26,197,157,122
32,27,180,147,121
32,28,138,181,54
32,29,132,188,22
32,30,140,193,33
32,31,145,203,33
32,32,131,154,93
32,33,36,36,67
32,34,114,127,107
32,35,172,209,105
32,36,144,168,123
32,37,81,93,103
32,38,48,56,80
32,39,137,151,137
32,40,242,249,229
32,41,255,255,255
32,42,255,255,255
32,43,255,255,255
32,44,255,255,255
32,45,255,255,255
32,46,255,255,255
32,47,255,255,255
32,48,255,255,255
32,49,255,255,255
33,0,255,255,255
33,1,255,255,255
33,2,255,255,255
33,3,255,255,255
33,4,255,255,255
33,5,255,255,255
33,6,255,255,255
33,7,255,255,255
33,8,255,255,255
33,9,196,222,128
33,10,175,190,100
33,11,217,206,187
33,12,184,163,144
33,13,159,125,106
33,14,162,117,97
33,15,154,112,93
33,16,153,111,90
33,17,150,107,84
33,18,182,134,102
33,19,191,139,103
33,20,199,152,114
33,21,144,104,81
33,22,138,98,78
33,23,170,123,95
33,24,156,113,90
33,25,182,136,107
33,26,167,128,101
33,27,173,136,113
33,28,159,181,81
33,29,145,193,38
33,30,103,112,86
33,31,97,117,69
33,32,138,166,79
33,33,110,117,111
33,34,49,53,80
33,35,89,99,116
33,36,79,89,114
33,37,70,79,100
33,38,115,133,112
33,39,160,202,101
33,40,234,243,217
33,41,255,255,255
33,42,255,255,255
33,43,255,255,255
33,44,255,255,255
33,45,255,255,255
33,46,255,255,255
33,47,255,255,255
33,48,255,255,255
33,49,255,255,255
34,0,255,255,255
34,1,255,255,255
34,2,255,255,255
34,3,255,255,255
34,4,255,255,255
34,5,255,255,255
34,6,255,255,255
34,7,255,255,255
34,8,255,255,255
34,9,190,218,121
34,10,151,188,57
34,11,172,197,97
34,12,155,178,74
34,13,140,157,65
34,14,149,156,77
34,15,162,158,90
34,16,159,146,94
34,17,182,155,113
34,18,151,120,95
34,19,160,119,96
34,20,171,128,101
34,21,155,111,85
34,22,146,103,79
34,23,167,121,92
34,24,164,119,91
34,25,148,107,87
34,26,143,103,82
34,27,166,120,100
34,28,173,174,103
34,29,143,192,44
34,30,50,52,65
34,31,8,4,41
34,32,18,15,48
34,33,37,39,61
34,34,40,45,68
34,35,64,75,96
34,36,82,93,114
34,37,128,136,143
34,38,133,165,104
34,39,138,178,88
34,40,227,238,208
34,41,255,255,255
34,42,255,255,255
34,43,255,255,255
34,44,255,255,255
34,45,255,255,255
34,46,255,255,255
34,47,255,255,255
34,48,255,255,255
34,49,255,255,255
35,0,255,255,255
35,1,255,255,255
35,2,255,255,255
35,3,255,255,255
35,4,255,255,255
35,5,255,255,255
35,6,255,255,255
35,7,255,255,255
35,8,255,255,255
35,9,197,223,135
35,10,148,186,53
35,11,161,191,79
35,12,133,166,36
35,13,110,146,9
35,14,106,142,4
35,15,107,143,2
35,16,108,144,6
35,17,114,146,16
35,18,117,145,29
35,19,128,145,49
35,20,127,131,66
35,21,152,133,88
35,22,136,105,84
35,23,135,95,79
35,24,165,120,95
35,25,143,102,83
35,26,157,112,90
35,27,160,116,92
35,28,170,151,108
35,29,147,193,47
35,30,98,103,94
35,31,120,134,99
35,32,101,110,90
35,33,73,77,84
35,34,65,67,88
35,35,78,85,109
35,36,82,92,117
35,37,65,74,99
35,38,51,57,84
35,39,89,100,98
35,40,229,239,212
35,41,255,255,255
35,42,255,255,255
35,43,255,255,255
35,44,255,255,255
35,45,255,255,255
35,46,255,255,255
35,47,255,255,255
35,48,255,255,255
35,49,255,255,255
36,0,255,255,255
36,1,255,255,255
36,2,255,255,255
36,3,255,255,255
36,4,255,255,255
36,5,255,255,255
36,6,255,255,255
36,7,255,255,255
36,8,255,255,255
36,9,206,227,155
36,10,149,186,55
36,11,159,189,77
36,12,128,164,36
36,13,107,144,12
36,14,104,140,8
36,15,102,137,6
36,16,103,139,4
36,17,104,139,3
36,18,99,136,1
36,19,98,135,0
36,20,97,133,0
36,21,104,136,9
36,22,115,139,31
36,23,132,138,59
36,24,135,124,77
36,25,146,118,90
36,26,154,114,97
36,27,165,123,100
36,28,197,160,130
36,29,150,188,54
36,30,134,157,91
36,31,140,177,73
36,32,134,194,25
36,33,139,191,44
36,34,147,191,72
36,35,163,194,118
36,36,167,189,139
36,37,146,164,132
36,38,128,144,126
36,39,129,147,115
36,40,222,232,203
36,41,255,255,255
36,42,255,255,255
36,43,255,255,255
36,44,255,255,255
36,45,255,255,255
36,46,255,255,255
36,47,255,255,255
36,48,255,255,255
36,49,255,255,255
37,0,255,255,255
37,1,255,255,255
37,2,255,255,255
37,3,255,255,255
37,4,255,255,255
37,5,255,255,255
37,6,255,255,255
37,7,255,255,255
37,8,255,255,255
37,9,212,230,167
37,10,149,185,60
37,11,155,186,74
37,12,117,152,33
37,13,94,128,10
37,14,110,146,5
37,15,104,140,4
37,16,105,143,3
37,17,106,142,5
37,18,102,138,6
37,19,101,137,7
37,20,97,133,5
37,21,95,131,3
37,22,92,128,1
37,23,92,128,2
37,24,103,135,10
37,25,109,136,26
37,26,126,139,52
37,27,143,135,80
37,28,157,125,99
37,29,155,166,85
37,30,132,189,26
37,31,140,187,39
37,32,125,184,13
37,33,120,184,12
37,34,129,191,20
37,35,154,206,56
37,36,168,215,84
37,37,163,210,81
37,38,149,201,71
37,39,151,199,78
37,40,220,233,198
37,41,255,255,255
37,42,255,255,255
37,43,255,255,255
37,44,255,255,255
37,45,255,255,255
37,46,255,255,255
37,47,255,255,255
37,48,255,255,255
37,49,255,255,255
38,0,255,255,255
38,1,255,255,255
38,2,255,255,255
38,3,255,255,255
38,4,255,255,255
38,5,255,255,255
38,6,255,255,255
38,7,255,255,255
38,8,255,255,255
38,9,230,240,207
38,10,151,186,68
38,11,154,187,71
38,12,102,132,30
38,13,64,84,11
38,14,87,114,8
38,15,85,112,9
38,16,82,108,10
38,17,96,128,9
38,18,100,135,10
38,19,96,128,12
38,20,94,127,12
38,21,100,136,9
38,22,95,130,8
38,23,94,128,8
38,24,99,132,9
38,25,99,132,9
38,26,98,134,7
38,27,98,135,10
38,28,109,137,26
38,29,127,148,54
38,30,122,169,28
38,31,128,184,19
38,32,129,188,15
38,33,118,182,11
38,34,123,185,17
38,35,148,200,41
38,36,165,210,78
38,37,160,206,84
38,38,140,193,68
38,39,155,203,84
38,40,229,240,210
38,41,255,255,255
38,42,255,255,255
38,43,255,255,255
38,44,255,255,255
38,45,255,255,255
38,46,255,255,255
38,47,255,255,255
38,48,255,255,255
38,49,255,255,255
39,0,255,255,255
39,1,255,255,255
39,2,255,255,255
39,3,255,255,255
39,4,255,255,255
39,5,255,255,255
39,6,255,255,255
39,7,255,255,255
39,8,255,255,255
39,9,211,229,171
39,10,149,185,63
39,11,151,184,68
39,12,109,140,25
39,13,77,103,10
39,14,61,78,12
39,15,65,82,15
39,16,60,75,16
39,17,59,75,15
39,18,74,97,13
39,19,75,97,15
39,20,81,108,16
39,21,77,100,16
39,22,81,105,15
39,23,82,108,13
39,24,86,115,13
39,25,85,113,15
39,26,81,106,16
39,27,95,129,13
39,28,98,135,11
39,29,94,130,6
39,30,96,129,11
39,31,104,141,19
39,32,116,163,23
39,33,114,177,15
39,34,116,182,10
39,35,145,195,44
39,36,181,212,121
39,37,183,210,141
39,38,151,178,117
39,39,154,190,104
39,40,229,242,203
39,41,255,255,255
39,42,255,255,255
39,43,255,255,255
39,44,255,255,255
39,45,255,255,255
39,46,255,255,255
39,47,255,255,255
39,48,255,255,255
39,49,255,255,255
40,0,255,255,255
40,1,255,255,255
40,2,255,255,255
40,3,255,255,255
40,4,255,255,255
40,5,255,255,255
40,6,255,255,255
40,7,255,255,255
40,8,255,255,255
40,9,194,221,136
40,10,152,189,61
40,11,149,180,63
40,12,117,151,19
40,13,105,143,10
40,14,101,135,7
40,15,84,110,10
40,16,82,106,10
40,17,86,112,10
40,18,90,119,10
40,19,93,122,13
40,20,88,114,17
40,21,80,101,19
40,22,88,113,21
40,23,84,106,25
40,24,81,102,28
40,25,86,109,28
40,26,74,93,30
40,27,103,134,25
40,28,112,146,21
40,29,103,138,16
40,30,98,133,11
40,31,95,129,7
40,32,93,127,8
40,33,106,144,12
40,34,120,169,24
40,35,125,154,73
40,36,140,162,116
40,37,157,180,136
40,38,124,147,110
40,39,141,166,121
40,40,226,237,212
40,41,255,255,255
40,42,255,255,255
40,43,255,255,255
40,44,255,255,255
40,45,255,255,255
40,46,255,255,255
40,47,255,255,255
40,48,255,255,255
40,49,255,255,255
41,0,255,255,255
41,1,255,255,255
41,2,255,255,255
41,3,255,255,255
41,4,255,255,255
41,5,255,255,255
41,6,255,255,255
41,7,255,255,255
41,8,255,255,255
41,9,185,216,115
41,10,145,184,52
41,11,141,172,50
41,12,124,159,39
41,13,143,178,70
41,14,146,184,64
41,15,136,175,54
41,16,128,165,48
41,17,126,162,46
41,18,131,167,50
41,19,125,161,52
41,20,135,170,58
41,21,139,175,57
41,22,135,172,56
41,23,136,172,59
41,24,138,173,62
41,25,140,174,63
41,26,136,172,60
41,27,134,170,54
41,28,134,169,48
41,29,124,160,40
41,30,119,155,31
41,31,113,149,21
41,32,103,139,14
41,33,94,129,2
41,34,116,149,34
41,35,100,122,63
41,36,107,128,82
41,37,134,156,121
41,38,130,152,113
41,39,128,152,105
41,40,213,229,191
41,41,255,255,255
41,42,255,255,255
41,43,255,255,255
41,44,255,255,255
41,45,255,255,255
41,46,255,255,255
41,47,255,255,255
41,48,255,255,255
41,49,255,255,255
42,0,255,255,255
42,1,255,255,255
42,2,255,255,255
42,3,255,255,255
42,4,255,255,255
42,5,255,255,255
42,6,255,255,255
42,7,255,255,255
42,8,255,255,255
42,9,173,210,94
42,10,135,174,40
42,11,128,161,37
42,12,121,151,58
42,13,109,129,73
42,14,122,144,75
42,15,137,164,88
42,16,143,171,99
42,17,127,151,96
42,18,130,156,103
42,19,131,155,104
42,20,157,183,122
42,21,153,178,121
42,22,145,170,119
42,23,145,169,118
42,24,159,184,123
42,25,145,170,117
42,26,150,176,117
42,27,142,169,111
42,28,142,168,106
42,29,149,177,106
42,30,143,170,98
42,31,140,168,90
42,32,129,159,79
42,33,115,150,45
42,34,112,147,27
42,35,124,152,66
42,36,108,133,63
42,37,117,139,99
42,38,130,153,117
42,39,130,154,106
42,40,202,221,172
42,41,255,255,255
42,42,255,255,255
42,43,255,255,255
42,44,255,255,255
42,45,255,255,255
42,46,255,255,255
42,47,255,255,255
42,48,255,255,255
42,49,255,255,255
43,0,255,255,255
43,1,255,255,255
43,2,255,255,255
43,3,255,255,255
43,4,255,255,255
43,5,255,255,255
43,6,255,255,255
43,7,255,255,255
43,8,253,254,250
43,9,161,204,72
43,10,124,163,30
43,11,115,148,32
43,12,140,172,69
43,13,160,183,114
43,14,150,173,112
43,15,156,180,118
43,16,157,180,125
43,17,145,168,123
43,18,132,154,118
43,19,132,154,115
43,20,162,184,132
43,21,151,173,127
43,22,134,155,116
43,23,135,156,112
43,24,161,187,121
43,25,155,178,118
43,26,155,178,117
43,27,146,170,111
43,28,141,165,105
43,29,135,159,102
43,30,130,152,99
43,31,131,152,97
43,32,130,152,99
43,33,133,164,74
43,34,106,142,24
43,35,127,162,58
43,36,129,158,72
43,37,134,160,89
43,38,166,190,129
43,39,156,186,110
43,40,179,208,136
43,41,254,255,253
43,42,255,255,255
43,43,255,255,255
43,44,255,255,255
43,45,255,255,255
43,46,255,255,255
43,47,255,255,255
43,48,255,255,255
43,49,255,255,255
44,0,255,255,255
44,1,255,255,255
44,2,255,255,255
44,3,255,255,255
44,4,255,255,255
44,5,255,255,255
44,6,255,255,255
44,7,255,255,255
44,8,246,249,237
44,9,152,200,55
44,10,116,157,26
44,11,111,143,36
44,12,124,158,59
44,13,151,181,98
44,14,170,199,117
44,15,172,202,125
44,16,163,193,120
44,17,148,177,107
44,18,141,170,99
44,19,130,162,89
44,20,139,171,93
44,21,138,168,91
44,22,131,161,86
44,23,128,157,85
44,24,155,185,99
44,25,153,183,101
44,26,162,191,106
44,27,168,196,106
44,28,167,197,101
44,29,133,159,87
44,30,106,129,76
44,31,161,189,98
44,32,160,192,99
44,33,127,162,60
44,34,110,143,33
44,35,104,138,35
44,36,111,146,49
44,37,130,164,71
44,38,137,170,79
44,39,125,160,61
44,40,137,170,80
44,41,244,247,237
44,42,255,255,255
44,43,255,255,255
44,44,255,255,255
44,45,255,255,255
44,46,255,255,255
44,47,255,255,255
44,48,255,255,255
44,49,255,255,255
45,0,255,255,255
45,1,255,255,255
45,2,255,255,255
45,3,255,255,255
45,4,255,255,255
45,5,255,255,255
45,6,255,255,255
45,7,255,255,255
45,8,235,244,215
45,9,142,195,39
45,10,119,163,30
45,11,122,156,45
45,12,115,148,50
45,13,105,132,57
45,14,109,136,57
45,15,105,132,51
45,16,105,134,47
45,17,105,133,52
45,18,108,135,54
45,19,100,130,50
45,20,88,116,48
45,21,108,139,48
45,22,127,164,49
45,23,122,158,50
45,24,121,158,47
45,25,127,164,50
45,26,137,172,65
45,27,140,174,66
45,28,127,163,58
45,29,118,154,51
45,30,95,131,37
45,31,104,140,56
45,32,107,143,56
45,33,98,132,32
45,34,101,134,28
45,35,92,125,28
45,36,91,124,28
45,37,90,123,30
45,38,102,137,41
45,39,112,147,51
45,40,112,146,53
45,41,220,227,204
45,42,255,255,255
45,43,255,255,255
45,44,255,255,255
45,45,255,255,255
45,46,255,255,255
45,47,255,255,255
45,48,255,255,255
45,49,255,255,255
46,0,255,255,255
46,1,255,255,255
46,2,255,255,255
46,3,255,255,255
46,4,255,255,255
46,5,255,255,255
46,6,255,255,255
46,7,255,255,255
46,8,224,230,189
46,9,156,186,57
46,10,161,184,75
46,11,157,173,83
46,12,155,169,93
46,13,143,170,70
46,14,140,169,64
46,15,146,173,71
46,16,158,181,86
46,17,141,162,69
46,18,142,164,72
46,19,150,167,88
46,20,158,172,96
46,21,161,178,97
46,22,169,184,107
46,23,167,177,108
46,24,165,185,104
46,25,174,192,115
46,26,157,184,86
46,27,156,183,89
46,28,150,179,84
46,29,150,180,77
46,30,121,156,41
46,31,110,141,50
46,32,125,156,61
46,33,127,157,57
46,34,125,155,47
46,35,111,144,35
46,36,96,129,25
46,37,99,132,28
46,38,108,140,32
46,39,111,145,34
46,40,111,147,28
46,41,194,209,149
46,42,255,255,255
46,43,255,255,255
46,44,255,255,255
46,45,255,255,255
46,46,255,255,255
46,47,255,255,255
46,48,255,255,255
46,49,255,255,255
47,0,255,255,255
47,1,255,255,255
47,2,255,255,255
47,3,255,255,255
47,4,255,255,255
47,5,255,255,255
47,6,255,255,255
47,7,255,255,255
47,8,226,223,215
47,9,205,198,186
47,10,212,207,197
47,11,211,211,204
47,12,211,212,207
47,13,215,218,204
47,14,218,221,206
47,15,216,218,202
47,16,216,220,210
47,17,210,211,203
47,18,222,222,213
47,19,217,217,211
47,20,222,221,214
47,21,222,222,215
47,22,222,222,219
47,23,217,217,216
47,24,216,220,216
47,25,220,224,222
47,26,212,221,209
47,27,211,220,211
47,28,208,219,205
47,29,210,220,201
47,30,195,209,177
47,31,191,202,179
47,32,200,208,177
47,33,201,205,176
47,34,201,209,174
47,35,203,212,177
47,36,189,200,170
47,37,184,198,163
47,38,187,195,156
47,39,192,196,155
47,40,188,195,147
47,41,214,214,187
47,42,255,255,255
47,43,255,255,255
47,44,255,255,255
47,45,255,255,255
47,46,255,255,255
47,47,255,255,255
47,48,255,255,255
47,49,255,255,255
48,0,255,255,255
48,1,255,255,255
48,2,255,255,255
48,3,255,255,255
48,4,255,255,255
48,5,255,255,255
48,6,255,255,255
48,7,254,254,254
48,8,242,246,246
48,9,240,244,246
48,10,239,244,245
48,11,239,244,245
48,12,239,243,243
48,13,243,246,247
48,14,246,248,250
48,15,248,250,252
48,16,251,252,254
48,17,255,255,255
48,18,255,255,255
48,19,255,255,255
48,20,255,255,255
48,21,255,255,255
48,22,255,255,255
48,23,255,255,255
48,24,253,254,255
48,25,254,255,255
48,26,255,255,255
48,27,255,255,255
48,28,255,255,255
48,29,253,254,255
48,30,251,252,255
48,31,250,251,254
48,32,249,250,253
48,33,251,252,255
48,34,254,255,255
48,35,255,255,255
48,36,255,255,255
48,37,255,255,255
48,38,253,254,255
48,39,249,250,254
48,40,244,246,251
48,41,243,245,247
48,42,254,255,255
48,43,255,255,255
48,44,255,255,255
48,45,255,255,255
48,46,255,255,255
48,47,255,255,255
48,48,255,255,255
48,49,255,255,255
49,0,255,255,255
49,1,255,255,255
49,2,255,255,255
49,3,255,255,255
49,4,255,255,255
49,5,255,255,255
49,6,255,255,255
49,7,255,255,255
49,8,255,255,255
49,9,255,255,255
49,10,255,255,255
49,11,255,255,255
49,12,255,255,255
49,13,255,255,255
49,14,255,255,255
49,15,255,255,255
49,16,255,255,255
49,17,255,255,255
49,18,255,255,255
49,19,255,255,255
49,20,255,255,255
49,21,255,255,255
49,22,255,255,255
49,23,255,255,255
49,24,255,255,255
49,25,255,255,255
49,26,255,255,255
49,27,255,255,255
49,28,255,255,255
49,29,255,255,255
49,30,255,255,255
49,31,255,255,255
49,32,255,255,255
49,33,255,255,255
49,34,255,255,255
49,35,255,255,255
49,36,255,255,255
49,37,255,255,255
49,38,255,255,255
49,39,255,255,255
49,40,255,255,255
49,41,255,255,255
49,42,255,255,255
49,43,255,255,255
49,44,255,255,255
49,45,255,255,255
49,46,255,255,255
49,47,255,255,255
49,48,255,255,255
49,49,255,255,255
